movie_companies mc,title t,movie_info_idx mi_idx#t.id=mc.movie_id,t.id=mi_idx.movie_id#mi_idx.info_type_id,=,113,mc.company_type_id,=,2,t.production_year,>,1995,t.production_year,<,1999#1
movie_companies mc,title t,movie_info_idx mi_idx#t.id=mc.movie_id,t.id=mi_idx.movie_id#mi_idx.info_type_id,=,113,mc.company_type_id,=,2,t.production_year,>,1995,t.production_year,<,2000#1
movie_companies mc,title t,movie_info_idx mi_idx#t.id=mc.movie_id,t.id=mi_idx.movie_id#mi_idx.info_type_id,=,113,mc.company_type_id,=,2,t.production_year,>,1995,t.production_year,<,2001#1
movie_companies mc,title t,movie_info_idx mi_idx#t.id=mc.movie_id,t.id=mi_idx.movie_id#mi_idx.info_type_id,=,113,mc.company_type_id,=,2,t.production_year,>,1995,t.production_year,<,2002#1
movie_companies mc,title t,movie_info_idx mi_idx#t.id=mc.movie_id,t.id=mi_idx.movie_id#mi_idx.info_type_id,=,113,mc.company_type_id,=,2,t.production_year,>,1995,t.production_year,<,2003#1
movie_companies mc,title t,movie_info_idx mi_idx#t.id=mc.movie_id,t.id=mi_idx.movie_id#mi_idx.info_type_id,=,113,mc.company_type_id,=,2,t.production_year,>,1995,t.production_year,<,2004#4
movie_companies mc,title t,movie_info_idx mi_idx#t.id=mc.movie_id,t.id=mi_idx.movie_id#mi_idx.info_type_id,=,113,mc.company_type_id,=,2,t.production_year,>,1995,t.production_year,<,2005#7
movie_companies mc,title t,movie_info_idx mi_idx#t.id=mc.movie_id,t.id=mi_idx.movie_id#mi_idx.info_type_id,=,113,mc.company_type_id,=,2,t.production_year,>,1995,t.production_year,<,2006#7
movie_companies mc,title t,movie_info_idx mi_idx#t.id=mc.movie_id,t.id=mi_idx.movie_id#mi_idx.info_type_id,=,113,mc.company_type_id,=,2,t.production_year,>,1995,t.production_year,<,2007#9
movie_companies mc,title t,movie_info_idx mi_idx#t.id=mc.movie_id,t.id=mi_idx.movie_id#mi_idx.info_type_id,=,113,mc.company_type_id,=,2,t.production_year,>,1995,t.production_year,<,2008#9
movie_companies mc,title t,movie_info_idx mi_idx#t.id=mc.movie_id,t.id=mi_idx.movie_id#mi_idx.info_type_id,=,113,mc.company_type_id,=,2,t.production_year,>,1995,t.production_year,<,2009#16
movie_companies mc,title t,movie_info_idx mi_idx#t.id=mc.movie_id,t.id=mi_idx.movie_id#mi_idx.info_type_id,=,113,mc.company_type_id,=,2,t.production_year,>,1995,t.production_year,<,2010#16
movie_companies mc,title t,movie_info_idx mi_idx#t.id=mc.movie_id,t.id=mi_idx.movie_id#mi_idx.info_type_id,=,113,mc.company_type_id,=,2,t.production_year,>,1995,t.production_year,<,2011#17
movie_companies mc,title t,movie_info_idx mi_idx#t.id=mc.movie_id,t.id=mi_idx.movie_id#mi_idx.info_type_id,=,113,mc.company_type_id,=,2,t.production_year,>,1995,t.production_year,<,2012#17
movie_companies mc,title t,movie_info_idx mi_idx#t.id=mc.movie_id,t.id=mi_idx.movie_id#mi_idx.info_type_id,=,113,mc.company_type_id,=,2,t.production_year,>,1995,t.production_year,<,2013#17
movie_companies mc,title t,movie_info_idx mi_idx#t.id=mc.movie_id,t.id=mi_idx.movie_id#mi_idx.info_type_id,=,113,mc.company_type_id,=,2,t.production_year,>,1995,t.production_year,<,2014#17
movie_companies mc,title t,movie_info_idx mi_idx#t.id=mc.movie_id,t.id=mi_idx.movie_id#mi_idx.info_type_id,=,113,mc.company_type_id,=,2,t.production_year,>,1995,t.production_year,<,2015#17
movie_companies mc,title t,movie_info_idx mi_idx#t.id=mc.movie_id,t.id=mi_idx.movie_id#mi_idx.info_type_id,=,113,mc.company_type_id,=,2,t.production_year,>,1995,t.production_year,<,2016#17
movie_companies mc,title t,movie_info_idx mi_idx#t.id=mc.movie_id,t.id=mi_idx.movie_id#mi_idx.info_type_id,=,113,mc.company_type_id,=,2,t.production_year,>,1995,t.production_year,<,2017#17
movie_companies mc,title t,movie_info_idx mi_idx#t.id=mc.movie_id,t.id=mi_idx.movie_id#mi_idx.info_type_id,=,113,mc.company_type_id,=,2,t.production_year,>,1995,t.production_year,<,2018#17
movie_companies mc,title t,movie_info_idx mi_idx#t.id=mc.movie_id,t.id=mi_idx.movie_id#mi_idx.info_type_id,=,113,mc.company_type_id,=,2,t.production_year,>,1995,t.production_year,<,2019#17
movie_companies mc,title t,movie_info_idx mi_idx#t.id=mc.movie_id,t.id=mi_idx.movie_id#mi_idx.info_type_id,=,113,mc.company_type_id,=,2,t.production_year,>,1995,t.production_year,<,2020#17
movie_companies mc,title t,movie_info_idx mi_idx#t.id=mc.movie_id,t.id=mi_idx.movie_id#mi_idx.info_type_id,=,113,mc.company_type_id,=,2,t.production_year,>,1995,t.production_year,<,2021#17
movie_companies mc,title t,movie_info_idx mi_idx#t.id=mc.movie_id,t.id=mi_idx.movie_id#mi_idx.info_type_id,=,113,mc.company_type_id,=,2,t.production_year,>,1996,t.production_year,<,1999#1
movie_companies mc,title t,movie_info_idx mi_idx#t.id=mc.movie_id,t.id=mi_idx.movie_id#mi_idx.info_type_id,=,113,mc.company_type_id,=,2,t.production_year,>,1996,t.production_year,<,2000#1
movie_companies mc,title t,movie_info_idx mi_idx#t.id=mc.movie_id,t.id=mi_idx.movie_id#mi_idx.info_type_id,=,113,mc.company_type_id,=,2,t.production_year,>,1996,t.production_year,<,2001#1
movie_companies mc,title t,movie_info_idx mi_idx#t.id=mc.movie_id,t.id=mi_idx.movie_id#mi_idx.info_type_id,=,113,mc.company_type_id,=,2,t.production_year,>,1996,t.production_year,<,2002#1
movie_companies mc,title t,movie_info_idx mi_idx#t.id=mc.movie_id,t.id=mi_idx.movie_id#mi_idx.info_type_id,=,113,mc.company_type_id,=,2,t.production_year,>,1996,t.production_year,<,2003#1
movie_companies mc,title t,movie_info_idx mi_idx#t.id=mc.movie_id,t.id=mi_idx.movie_id#mi_idx.info_type_id,=,113,mc.company_type_id,=,2,t.production_year,>,1996,t.production_year,<,2004#4
movie_companies mc,title t,movie_info_idx mi_idx#t.id=mc.movie_id,t.id=mi_idx.movie_id#mi_idx.info_type_id,=,113,mc.company_type_id,=,2,t.production_year,>,1996,t.production_year,<,2005#7
movie_companies mc,title t,movie_info_idx mi_idx#t.id=mc.movie_id,t.id=mi_idx.movie_id#mi_idx.info_type_id,=,113,mc.company_type_id,=,2,t.production_year,>,1996,t.production_year,<,2006#7
movie_companies mc,title t,movie_info_idx mi_idx#t.id=mc.movie_id,t.id=mi_idx.movie_id#mi_idx.info_type_id,=,113,mc.company_type_id,=,2,t.production_year,>,1996,t.production_year,<,2007#9
movie_companies mc,title t,movie_info_idx mi_idx#t.id=mc.movie_id,t.id=mi_idx.movie_id#mi_idx.info_type_id,=,113,mc.company_type_id,=,2,t.production_year,>,1996,t.production_year,<,2008#9
movie_companies mc,title t,movie_info_idx mi_idx#t.id=mc.movie_id,t.id=mi_idx.movie_id#mi_idx.info_type_id,=,113,mc.company_type_id,=,2,t.production_year,>,1996,t.production_year,<,2009#16
movie_companies mc,title t,movie_info_idx mi_idx#t.id=mc.movie_id,t.id=mi_idx.movie_id#mi_idx.info_type_id,=,113,mc.company_type_id,=,2,t.production_year,>,1996,t.production_year,<,2010#16
movie_companies mc,title t,movie_info_idx mi_idx#t.id=mc.movie_id,t.id=mi_idx.movie_id#mi_idx.info_type_id,=,113,mc.company_type_id,=,2,t.production_year,>,1996,t.production_year,<,2011#17
movie_companies mc,title t,movie_info_idx mi_idx#t.id=mc.movie_id,t.id=mi_idx.movie_id#mi_idx.info_type_id,=,113,mc.company_type_id,=,2,t.production_year,>,1996,t.production_year,<,2012#17
movie_companies mc,title t,movie_info_idx mi_idx#t.id=mc.movie_id,t.id=mi_idx.movie_id#mi_idx.info_type_id,=,113,mc.company_type_id,=,2,t.production_year,>,1996,t.production_year,<,2013#17
movie_companies mc,title t,movie_info_idx mi_idx#t.id=mc.movie_id,t.id=mi_idx.movie_id#mi_idx.info_type_id,=,113,mc.company_type_id,=,2,t.production_year,>,1996,t.production_year,<,2014#17
movie_companies mc,title t,movie_info_idx mi_idx#t.id=mc.movie_id,t.id=mi_idx.movie_id#mi_idx.info_type_id,=,113,mc.company_type_id,=,2,t.production_year,>,1996,t.production_year,<,2015#17
movie_companies mc,title t,movie_info_idx mi_idx#t.id=mc.movie_id,t.id=mi_idx.movie_id#mi_idx.info_type_id,=,113,mc.company_type_id,=,2,t.production_year,>,1996,t.production_year,<,2016#17
movie_companies mc,title t,movie_info_idx mi_idx#t.id=mc.movie_id,t.id=mi_idx.movie_id#mi_idx.info_type_id,=,113,mc.company_type_id,=,2,t.production_year,>,1996,t.production_year,<,2017#17
movie_companies mc,title t,movie_info_idx mi_idx#t.id=mc.movie_id,t.id=mi_idx.movie_id#mi_idx.info_type_id,=,113,mc.company_type_id,=,2,t.production_year,>,1996,t.production_year,<,2018#17
movie_companies mc,title t,movie_info_idx mi_idx#t.id=mc.movie_id,t.id=mi_idx.movie_id#mi_idx.info_type_id,=,113,mc.company_type_id,=,2,t.production_year,>,1996,t.production_year,<,2019#17
movie_companies mc,title t,movie_info_idx mi_idx#t.id=mc.movie_id,t.id=mi_idx.movie_id#mi_idx.info_type_id,=,113,mc.company_type_id,=,2,t.production_year,>,1996,t.production_year,<,2020#17
movie_companies mc,title t,movie_info_idx mi_idx#t.id=mc.movie_id,t.id=mi_idx.movie_id#mi_idx.info_type_id,=,113,mc.company_type_id,=,2,t.production_year,>,1996,t.production_year,<,2021#17
movie_companies mc,title t,movie_info_idx mi_idx#t.id=mc.movie_id,t.id=mi_idx.movie_id#mi_idx.info_type_id,=,113,mc.company_type_id,=,2,t.production_year,>,1997,t.production_year,<,1999#1
movie_companies mc,title t,movie_info_idx mi_idx#t.id=mc.movie_id,t.id=mi_idx.movie_id#mi_idx.info_type_id,=,113,mc.company_type_id,=,2,t.production_year,>,1997,t.production_year,<,2000#1
movie_companies mc,title t,movie_info_idx mi_idx#t.id=mc.movie_id,t.id=mi_idx.movie_id#mi_idx.info_type_id,=,113,mc.company_type_id,=,2,t.production_year,>,1997,t.production_year,<,2001#1
movie_companies mc,title t,movie_info_idx mi_idx#t.id=mc.movie_id,t.id=mi_idx.movie_id#mi_idx.info_type_id,=,113,mc.company_type_id,=,2,t.production_year,>,1997,t.production_year,<,2002#1
movie_companies mc,title t,movie_info_idx mi_idx#t.id=mc.movie_id,t.id=mi_idx.movie_id#mi_idx.info_type_id,=,113,mc.company_type_id,=,2,t.production_year,>,1997,t.production_year,<,2003#1
movie_companies mc,title t,movie_info_idx mi_idx#t.id=mc.movie_id,t.id=mi_idx.movie_id#mi_idx.info_type_id,=,113,mc.company_type_id,=,2,t.production_year,>,1997,t.production_year,<,2004#4
movie_companies mc,title t,movie_info_idx mi_idx#t.id=mc.movie_id,t.id=mi_idx.movie_id#mi_idx.info_type_id,=,113,mc.company_type_id,=,2,t.production_year,>,1997,t.production_year,<,2005#7
movie_companies mc,title t,movie_info_idx mi_idx#t.id=mc.movie_id,t.id=mi_idx.movie_id#mi_idx.info_type_id,=,113,mc.company_type_id,=,2,t.production_year,>,1997,t.production_year,<,2006#7
movie_companies mc,title t,movie_info_idx mi_idx#t.id=mc.movie_id,t.id=mi_idx.movie_id#mi_idx.info_type_id,=,113,mc.company_type_id,=,2,t.production_year,>,1997,t.production_year,<,2007#9
movie_companies mc,title t,movie_info_idx mi_idx#t.id=mc.movie_id,t.id=mi_idx.movie_id#mi_idx.info_type_id,=,113,mc.company_type_id,=,2,t.production_year,>,1997,t.production_year,<,2008#9
movie_companies mc,title t,movie_info_idx mi_idx#t.id=mc.movie_id,t.id=mi_idx.movie_id#mi_idx.info_type_id,=,113,mc.company_type_id,=,2,t.production_year,>,1997,t.production_year,<,2009#16
movie_companies mc,title t,movie_info_idx mi_idx#t.id=mc.movie_id,t.id=mi_idx.movie_id#mi_idx.info_type_id,=,113,mc.company_type_id,=,2,t.production_year,>,1997,t.production_year,<,2010#16
movie_companies mc,title t,movie_info_idx mi_idx#t.id=mc.movie_id,t.id=mi_idx.movie_id#mi_idx.info_type_id,=,113,mc.company_type_id,=,2,t.production_year,>,1997,t.production_year,<,2011#17
movie_companies mc,title t,movie_info_idx mi_idx#t.id=mc.movie_id,t.id=mi_idx.movie_id#mi_idx.info_type_id,=,113,mc.company_type_id,=,2,t.production_year,>,1997,t.production_year,<,2012#17
movie_companies mc,title t,movie_info_idx mi_idx#t.id=mc.movie_id,t.id=mi_idx.movie_id#mi_idx.info_type_id,=,113,mc.company_type_id,=,2,t.production_year,>,1997,t.production_year,<,2013#17
movie_companies mc,title t,movie_info_idx mi_idx#t.id=mc.movie_id,t.id=mi_idx.movie_id#mi_idx.info_type_id,=,113,mc.company_type_id,=,2,t.production_year,>,1997,t.production_year,<,2014#17
movie_companies mc,title t,movie_info_idx mi_idx#t.id=mc.movie_id,t.id=mi_idx.movie_id#mi_idx.info_type_id,=,113,mc.company_type_id,=,2,t.production_year,>,1997,t.production_year,<,2015#17
movie_companies mc,title t,movie_info_idx mi_idx#t.id=mc.movie_id,t.id=mi_idx.movie_id#mi_idx.info_type_id,=,113,mc.company_type_id,=,2,t.production_year,>,1997,t.production_year,<,2016#17
movie_companies mc,title t,movie_info_idx mi_idx#t.id=mc.movie_id,t.id=mi_idx.movie_id#mi_idx.info_type_id,=,113,mc.company_type_id,=,2,t.production_year,>,1997,t.production_year,<,2017#17
movie_companies mc,title t,movie_info_idx mi_idx#t.id=mc.movie_id,t.id=mi_idx.movie_id#mi_idx.info_type_id,=,113,mc.company_type_id,=,2,t.production_year,>,1997,t.production_year,<,2018#17
movie_companies mc,title t,movie_info_idx mi_idx#t.id=mc.movie_id,t.id=mi_idx.movie_id#mi_idx.info_type_id,=,113,mc.company_type_id,=,2,t.production_year,>,1997,t.production_year,<,2019#17
movie_companies mc,title t,movie_info_idx mi_idx#t.id=mc.movie_id,t.id=mi_idx.movie_id#mi_idx.info_type_id,=,113,mc.company_type_id,=,2,t.production_year,>,1997,t.production_year,<,2020#17
movie_companies mc,title t,movie_info_idx mi_idx#t.id=mc.movie_id,t.id=mi_idx.movie_id#mi_idx.info_type_id,=,113,mc.company_type_id,=,2,t.production_year,>,1997,t.production_year,<,2021#17
movie_companies mc,title t,movie_info_idx mi_idx#t.id=mc.movie_id,t.id=mi_idx.movie_id#mi_idx.info_type_id,=,113,mc.company_type_id,=,2,t.production_year,>,1998,t.production_year,<,2004#3
movie_companies mc,title t,movie_info_idx mi_idx#t.id=mc.movie_id,t.id=mi_idx.movie_id#mi_idx.info_type_id,=,113,mc.company_type_id,=,2,t.production_year,>,1998,t.production_year,<,2005#6
movie_companies mc,title t,movie_info_idx mi_idx#t.id=mc.movie_id,t.id=mi_idx.movie_id#mi_idx.info_type_id,=,113,mc.company_type_id,=,2,t.production_year,>,1998,t.production_year,<,2006#6
movie_companies mc,title t,movie_info_idx mi_idx#t.id=mc.movie_id,t.id=mi_idx.movie_id#mi_idx.info_type_id,=,113,mc.company_type_id,=,2,t.production_year,>,1998,t.production_year,<,2007#8
movie_companies mc,title t,movie_info_idx mi_idx#t.id=mc.movie_id,t.id=mi_idx.movie_id#mi_idx.info_type_id,=,113,mc.company_type_id,=,2,t.production_year,>,1998,t.production_year,<,2008#8
movie_companies mc,title t,movie_info_idx mi_idx#t.id=mc.movie_id,t.id=mi_idx.movie_id#mi_idx.info_type_id,=,113,mc.company_type_id,=,2,t.production_year,>,1998,t.production_year,<,2009#15
movie_companies mc,title t,movie_info_idx mi_idx#t.id=mc.movie_id,t.id=mi_idx.movie_id#mi_idx.info_type_id,=,113,mc.company_type_id,=,2,t.production_year,>,1998,t.production_year,<,2010#15
movie_companies mc,title t,movie_info_idx mi_idx#t.id=mc.movie_id,t.id=mi_idx.movie_id#mi_idx.info_type_id,=,113,mc.company_type_id,=,2,t.production_year,>,1998,t.production_year,<,2011#16
movie_companies mc,title t,movie_info_idx mi_idx#t.id=mc.movie_id,t.id=mi_idx.movie_id#mi_idx.info_type_id,=,113,mc.company_type_id,=,2,t.production_year,>,1998,t.production_year,<,2012#16
movie_companies mc,title t,movie_info_idx mi_idx#t.id=mc.movie_id,t.id=mi_idx.movie_id#mi_idx.info_type_id,=,113,mc.company_type_id,=,2,t.production_year,>,1998,t.production_year,<,2013#16
movie_companies mc,title t,movie_info_idx mi_idx#t.id=mc.movie_id,t.id=mi_idx.movie_id#mi_idx.info_type_id,=,113,mc.company_type_id,=,2,t.production_year,>,1998,t.production_year,<,2014#16
movie_companies mc,title t,movie_info_idx mi_idx#t.id=mc.movie_id,t.id=mi_idx.movie_id#mi_idx.info_type_id,=,113,mc.company_type_id,=,2,t.production_year,>,1998,t.production_year,<,2015#16
movie_companies mc,title t,movie_info_idx mi_idx#t.id=mc.movie_id,t.id=mi_idx.movie_id#mi_idx.info_type_id,=,113,mc.company_type_id,=,2,t.production_year,>,1998,t.production_year,<,2016#16
movie_companies mc,title t,movie_info_idx mi_idx#t.id=mc.movie_id,t.id=mi_idx.movie_id#mi_idx.info_type_id,=,113,mc.company_type_id,=,2,t.production_year,>,1998,t.production_year,<,2017#16
movie_companies mc,title t,movie_info_idx mi_idx#t.id=mc.movie_id,t.id=mi_idx.movie_id#mi_idx.info_type_id,=,113,mc.company_type_id,=,2,t.production_year,>,1998,t.production_year,<,2018#16
movie_companies mc,title t,movie_info_idx mi_idx#t.id=mc.movie_id,t.id=mi_idx.movie_id#mi_idx.info_type_id,=,113,mc.company_type_id,=,2,t.production_year,>,1998,t.production_year,<,2019#16
movie_companies mc,title t,movie_info_idx mi_idx#t.id=mc.movie_id,t.id=mi_idx.movie_id#mi_idx.info_type_id,=,113,mc.company_type_id,=,2,t.production_year,>,1998,t.production_year,<,2020#16
movie_companies mc,title t,movie_info_idx mi_idx#t.id=mc.movie_id,t.id=mi_idx.movie_id#mi_idx.info_type_id,=,113,mc.company_type_id,=,2,t.production_year,>,1998,t.production_year,<,2021#16
movie_companies mc,title t,movie_info_idx mi_idx#t.id=mc.movie_id,t.id=mi_idx.movie_id#mi_idx.info_type_id,=,113,mc.company_type_id,=,2,t.production_year,>,1999,t.production_year,<,2004#3
movie_companies mc,title t,movie_info_idx mi_idx#t.id=mc.movie_id,t.id=mi_idx.movie_id#mi_idx.info_type_id,=,113,mc.company_type_id,=,2,t.production_year,>,1999,t.production_year,<,2005#6
movie_companies mc,title t,movie_info_idx mi_idx#t.id=mc.movie_id,t.id=mi_idx.movie_id#mi_idx.info_type_id,=,113,mc.company_type_id,=,2,t.production_year,>,1999,t.production_year,<,2006#6
movie_companies mc,title t,movie_info_idx mi_idx#t.id=mc.movie_id,t.id=mi_idx.movie_id#mi_idx.info_type_id,=,113,mc.company_type_id,=,2,t.production_year,>,1999,t.production_year,<,2007#8
movie_companies mc,title t,movie_info_idx mi_idx#t.id=mc.movie_id,t.id=mi_idx.movie_id#mi_idx.info_type_id,=,113,mc.company_type_id,=,2,t.production_year,>,1999,t.production_year,<,2008#8
movie_companies mc,title t,movie_info_idx mi_idx#t.id=mc.movie_id,t.id=mi_idx.movie_id#mi_idx.info_type_id,=,113,mc.company_type_id,=,2,t.production_year,>,1999,t.production_year,<,2009#15
movie_companies mc,title t,movie_info_idx mi_idx#t.id=mc.movie_id,t.id=mi_idx.movie_id#mi_idx.info_type_id,=,113,mc.company_type_id,=,2,t.production_year,>,1999,t.production_year,<,2010#15
movie_companies mc,title t,movie_info_idx mi_idx#t.id=mc.movie_id,t.id=mi_idx.movie_id#mi_idx.info_type_id,=,113,mc.company_type_id,=,2,t.production_year,>,1999,t.production_year,<,2011#16
movie_companies mc,title t,movie_info_idx mi_idx#t.id=mc.movie_id,t.id=mi_idx.movie_id#mi_idx.info_type_id,=,113,mc.company_type_id,=,2,t.production_year,>,1999,t.production_year,<,2012#16
movie_companies mc,title t,movie_info_idx mi_idx#t.id=mc.movie_id,t.id=mi_idx.movie_id#mi_idx.info_type_id,=,113,mc.company_type_id,=,2,t.production_year,>,1999,t.production_year,<,2013#16
movie_companies mc,title t,movie_info_idx mi_idx#t.id=mc.movie_id,t.id=mi_idx.movie_id#mi_idx.info_type_id,=,113,mc.company_type_id,=,2,t.production_year,>,1999,t.production_year,<,2014#16
movie_companies mc,title t,movie_info_idx mi_idx#t.id=mc.movie_id,t.id=mi_idx.movie_id#mi_idx.info_type_id,=,113,mc.company_type_id,=,2,t.production_year,>,1999,t.production_year,<,2015#16
movie_companies mc,title t,movie_info_idx mi_idx#t.id=mc.movie_id,t.id=mi_idx.movie_id#mi_idx.info_type_id,=,113,mc.company_type_id,=,2,t.production_year,>,1999,t.production_year,<,2016#16
movie_companies mc,title t,movie_info_idx mi_idx#t.id=mc.movie_id,t.id=mi_idx.movie_id#mi_idx.info_type_id,=,113,mc.company_type_id,=,2,t.production_year,>,1999,t.production_year,<,2017#16
movie_companies mc,title t,movie_info_idx mi_idx#t.id=mc.movie_id,t.id=mi_idx.movie_id#mi_idx.info_type_id,=,113,mc.company_type_id,=,2,t.production_year,>,1999,t.production_year,<,2018#16
movie_companies mc,title t,movie_info_idx mi_idx#t.id=mc.movie_id,t.id=mi_idx.movie_id#mi_idx.info_type_id,=,113,mc.company_type_id,=,2,t.production_year,>,1999,t.production_year,<,2019#16
movie_companies mc,title t,movie_info_idx mi_idx#t.id=mc.movie_id,t.id=mi_idx.movie_id#mi_idx.info_type_id,=,113,mc.company_type_id,=,2,t.production_year,>,1999,t.production_year,<,2020#16
movie_companies mc,title t,movie_info_idx mi_idx#t.id=mc.movie_id,t.id=mi_idx.movie_id#mi_idx.info_type_id,=,113,mc.company_type_id,=,2,t.production_year,>,1999,t.production_year,<,2021#16
movie_companies mc,title t,movie_info_idx mi_idx#t.id=mc.movie_id,t.id=mi_idx.movie_id#mi_idx.info_type_id,=,113,mc.company_type_id,=,2,t.production_year,>,2000,t.production_year,<,2004#3
movie_companies mc,title t,movie_info_idx mi_idx#t.id=mc.movie_id,t.id=mi_idx.movie_id#mi_idx.info_type_id,=,113,mc.company_type_id,=,2,t.production_year,>,2000,t.production_year,<,2005#6
movie_companies mc,title t,movie_info_idx mi_idx#t.id=mc.movie_id,t.id=mi_idx.movie_id#mi_idx.info_type_id,=,113,mc.company_type_id,=,2,t.production_year,>,2000,t.production_year,<,2006#6
movie_companies mc,title t,movie_info_idx mi_idx#t.id=mc.movie_id,t.id=mi_idx.movie_id#mi_idx.info_type_id,=,113,mc.company_type_id,=,2,t.production_year,>,2000,t.production_year,<,2007#8
movie_companies mc,title t,movie_info_idx mi_idx#t.id=mc.movie_id,t.id=mi_idx.movie_id#mi_idx.info_type_id,=,113,mc.company_type_id,=,2,t.production_year,>,2000,t.production_year,<,2008#8
movie_companies mc,title t,movie_info_idx mi_idx#t.id=mc.movie_id,t.id=mi_idx.movie_id#mi_idx.info_type_id,=,113,mc.company_type_id,=,2,t.production_year,>,2000,t.production_year,<,2009#15
movie_companies mc,title t,movie_info_idx mi_idx#t.id=mc.movie_id,t.id=mi_idx.movie_id#mi_idx.info_type_id,=,113,mc.company_type_id,=,2,t.production_year,>,2000,t.production_year,<,2010#15
movie_companies mc,title t,movie_info_idx mi_idx#t.id=mc.movie_id,t.id=mi_idx.movie_id#mi_idx.info_type_id,=,113,mc.company_type_id,=,2,t.production_year,>,2000,t.production_year,<,2011#16
movie_companies mc,title t,movie_info_idx mi_idx#t.id=mc.movie_id,t.id=mi_idx.movie_id#mi_idx.info_type_id,=,113,mc.company_type_id,=,2,t.production_year,>,2000,t.production_year,<,2012#16
movie_companies mc,title t,movie_info_idx mi_idx#t.id=mc.movie_id,t.id=mi_idx.movie_id#mi_idx.info_type_id,=,113,mc.company_type_id,=,2,t.production_year,>,2000,t.production_year,<,2013#16
movie_companies mc,title t,movie_info_idx mi_idx#t.id=mc.movie_id,t.id=mi_idx.movie_id#mi_idx.info_type_id,=,113,mc.company_type_id,=,2,t.production_year,>,2000,t.production_year,<,2014#16
movie_companies mc,title t,movie_info_idx mi_idx#t.id=mc.movie_id,t.id=mi_idx.movie_id#mi_idx.info_type_id,=,113,mc.company_type_id,=,2,t.production_year,>,2000,t.production_year,<,2015#16
movie_companies mc,title t,movie_info_idx mi_idx#t.id=mc.movie_id,t.id=mi_idx.movie_id#mi_idx.info_type_id,=,113,mc.company_type_id,=,2,t.production_year,>,2000,t.production_year,<,2016#16
movie_companies mc,title t,movie_info_idx mi_idx#t.id=mc.movie_id,t.id=mi_idx.movie_id#mi_idx.info_type_id,=,113,mc.company_type_id,=,2,t.production_year,>,2000,t.production_year,<,2017#16
movie_companies mc,title t,movie_info_idx mi_idx#t.id=mc.movie_id,t.id=mi_idx.movie_id#mi_idx.info_type_id,=,113,mc.company_type_id,=,2,t.production_year,>,2000,t.production_year,<,2018#16
movie_companies mc,title t,movie_info_idx mi_idx#t.id=mc.movie_id,t.id=mi_idx.movie_id#mi_idx.info_type_id,=,113,mc.company_type_id,=,2,t.production_year,>,2000,t.production_year,<,2019#16
movie_companies mc,title t,movie_info_idx mi_idx#t.id=mc.movie_id,t.id=mi_idx.movie_id#mi_idx.info_type_id,=,113,mc.company_type_id,=,2,t.production_year,>,2000,t.production_year,<,2020#16
movie_companies mc,title t,movie_info_idx mi_idx#t.id=mc.movie_id,t.id=mi_idx.movie_id#mi_idx.info_type_id,=,113,mc.company_type_id,=,2,t.production_year,>,2000,t.production_year,<,2021#16
movie_companies mc,title t,movie_info_idx mi_idx#t.id=mc.movie_id,t.id=mi_idx.movie_id#mi_idx.info_type_id,=,113,mc.company_type_id,=,2,t.production_year,>,2001,t.production_year,<,2004#3
movie_companies mc,title t,movie_info_idx mi_idx#t.id=mc.movie_id,t.id=mi_idx.movie_id#mi_idx.info_type_id,=,113,mc.company_type_id,=,2,t.production_year,>,2001,t.production_year,<,2005#6
movie_companies mc,title t,movie_info_idx mi_idx#t.id=mc.movie_id,t.id=mi_idx.movie_id#mi_idx.info_type_id,=,113,mc.company_type_id,=,2,t.production_year,>,2001,t.production_year,<,2006#6
movie_companies mc,title t,movie_info_idx mi_idx#t.id=mc.movie_id,t.id=mi_idx.movie_id#mi_idx.info_type_id,=,113,mc.company_type_id,=,2,t.production_year,>,2001,t.production_year,<,2007#8
movie_companies mc,title t,movie_info_idx mi_idx#t.id=mc.movie_id,t.id=mi_idx.movie_id#mi_idx.info_type_id,=,113,mc.company_type_id,=,2,t.production_year,>,2001,t.production_year,<,2008#8
movie_companies mc,title t,movie_info_idx mi_idx#t.id=mc.movie_id,t.id=mi_idx.movie_id#mi_idx.info_type_id,=,113,mc.company_type_id,=,2,t.production_year,>,2001,t.production_year,<,2009#15
movie_companies mc,title t,movie_info_idx mi_idx#t.id=mc.movie_id,t.id=mi_idx.movie_id#mi_idx.info_type_id,=,113,mc.company_type_id,=,2,t.production_year,>,2001,t.production_year,<,2010#15
movie_companies mc,title t,movie_info_idx mi_idx#t.id=mc.movie_id,t.id=mi_idx.movie_id#mi_idx.info_type_id,=,113,mc.company_type_id,=,2,t.production_year,>,2001,t.production_year,<,2011#16
movie_companies mc,title t,movie_info_idx mi_idx#t.id=mc.movie_id,t.id=mi_idx.movie_id#mi_idx.info_type_id,=,113,mc.company_type_id,=,2,t.production_year,>,2001,t.production_year,<,2012#16
movie_companies mc,title t,movie_info_idx mi_idx#t.id=mc.movie_id,t.id=mi_idx.movie_id#mi_idx.info_type_id,=,113,mc.company_type_id,=,2,t.production_year,>,2001,t.production_year,<,2013#16
movie_companies mc,title t,movie_info_idx mi_idx#t.id=mc.movie_id,t.id=mi_idx.movie_id#mi_idx.info_type_id,=,113,mc.company_type_id,=,2,t.production_year,>,2001,t.production_year,<,2014#16
movie_companies mc,title t,movie_info_idx mi_idx#t.id=mc.movie_id,t.id=mi_idx.movie_id#mi_idx.info_type_id,=,113,mc.company_type_id,=,2,t.production_year,>,2001,t.production_year,<,2015#16
movie_companies mc,title t,movie_info_idx mi_idx#t.id=mc.movie_id,t.id=mi_idx.movie_id#mi_idx.info_type_id,=,113,mc.company_type_id,=,2,t.production_year,>,2001,t.production_year,<,2016#16
movie_companies mc,title t,movie_info_idx mi_idx#t.id=mc.movie_id,t.id=mi_idx.movie_id#mi_idx.info_type_id,=,113,mc.company_type_id,=,2,t.production_year,>,2001,t.production_year,<,2017#16
movie_companies mc,title t,movie_info_idx mi_idx#t.id=mc.movie_id,t.id=mi_idx.movie_id#mi_idx.info_type_id,=,113,mc.company_type_id,=,2,t.production_year,>,2001,t.production_year,<,2018#16
movie_companies mc,title t,movie_info_idx mi_idx#t.id=mc.movie_id,t.id=mi_idx.movie_id#mi_idx.info_type_id,=,113,mc.company_type_id,=,2,t.production_year,>,2001,t.production_year,<,2019#16
movie_companies mc,title t,movie_info_idx mi_idx#t.id=mc.movie_id,t.id=mi_idx.movie_id#mi_idx.info_type_id,=,113,mc.company_type_id,=,2,t.production_year,>,2001,t.production_year,<,2020#16
movie_companies mc,title t,movie_info_idx mi_idx#t.id=mc.movie_id,t.id=mi_idx.movie_id#mi_idx.info_type_id,=,113,mc.company_type_id,=,2,t.production_year,>,2001,t.production_year,<,2021#16
movie_companies mc,title t,movie_info_idx mi_idx#t.id=mc.movie_id,t.id=mi_idx.movie_id#mi_idx.info_type_id,=,113,mc.company_type_id,=,2,t.production_year,>,2002,t.production_year,<,2004#3
movie_companies mc,title t,movie_info_idx mi_idx#t.id=mc.movie_id,t.id=mi_idx.movie_id#mi_idx.info_type_id,=,113,mc.company_type_id,=,2,t.production_year,>,2002,t.production_year,<,2005#6
movie_companies mc,title t,movie_info_idx mi_idx#t.id=mc.movie_id,t.id=mi_idx.movie_id#mi_idx.info_type_id,=,113,mc.company_type_id,=,2,t.production_year,>,2002,t.production_year,<,2006#6
movie_companies mc,title t,movie_info_idx mi_idx#t.id=mc.movie_id,t.id=mi_idx.movie_id#mi_idx.info_type_id,=,113,mc.company_type_id,=,2,t.production_year,>,2002,t.production_year,<,2007#8
movie_companies mc,title t,movie_info_idx mi_idx#t.id=mc.movie_id,t.id=mi_idx.movie_id#mi_idx.info_type_id,=,113,mc.company_type_id,=,2,t.production_year,>,2002,t.production_year,<,2008#8
movie_companies mc,title t,movie_info_idx mi_idx#t.id=mc.movie_id,t.id=mi_idx.movie_id#mi_idx.info_type_id,=,113,mc.company_type_id,=,2,t.production_year,>,2002,t.production_year,<,2009#15
movie_companies mc,title t,movie_info_idx mi_idx#t.id=mc.movie_id,t.id=mi_idx.movie_id#mi_idx.info_type_id,=,113,mc.company_type_id,=,2,t.production_year,>,2002,t.production_year,<,2010#15
movie_companies mc,title t,movie_info_idx mi_idx#t.id=mc.movie_id,t.id=mi_idx.movie_id#mi_idx.info_type_id,=,113,mc.company_type_id,=,2,t.production_year,>,2002,t.production_year,<,2011#16
movie_companies mc,title t,movie_info_idx mi_idx#t.id=mc.movie_id,t.id=mi_idx.movie_id#mi_idx.info_type_id,=,113,mc.company_type_id,=,2,t.production_year,>,2002,t.production_year,<,2012#16
movie_companies mc,title t,movie_info_idx mi_idx#t.id=mc.movie_id,t.id=mi_idx.movie_id#mi_idx.info_type_id,=,113,mc.company_type_id,=,2,t.production_year,>,2002,t.production_year,<,2013#16
movie_companies mc,title t,movie_info_idx mi_idx#t.id=mc.movie_id,t.id=mi_idx.movie_id#mi_idx.info_type_id,=,113,mc.company_type_id,=,2,t.production_year,>,2002,t.production_year,<,2014#16
movie_companies mc,title t,movie_info_idx mi_idx#t.id=mc.movie_id,t.id=mi_idx.movie_id#mi_idx.info_type_id,=,113,mc.company_type_id,=,2,t.production_year,>,2002,t.production_year,<,2015#16
movie_companies mc,title t,movie_info_idx mi_idx#t.id=mc.movie_id,t.id=mi_idx.movie_id#mi_idx.info_type_id,=,113,mc.company_type_id,=,2,t.production_year,>,2002,t.production_year,<,2016#16
movie_companies mc,title t,movie_info_idx mi_idx#t.id=mc.movie_id,t.id=mi_idx.movie_id#mi_idx.info_type_id,=,113,mc.company_type_id,=,2,t.production_year,>,2002,t.production_year,<,2017#16
movie_companies mc,title t,movie_info_idx mi_idx#t.id=mc.movie_id,t.id=mi_idx.movie_id#mi_idx.info_type_id,=,113,mc.company_type_id,=,2,t.production_year,>,2002,t.production_year,<,2018#16
movie_companies mc,title t,movie_info_idx mi_idx#t.id=mc.movie_id,t.id=mi_idx.movie_id#mi_idx.info_type_id,=,113,mc.company_type_id,=,2,t.production_year,>,2002,t.production_year,<,2019#16
movie_companies mc,title t,movie_info_idx mi_idx#t.id=mc.movie_id,t.id=mi_idx.movie_id#mi_idx.info_type_id,=,113,mc.company_type_id,=,2,t.production_year,>,2002,t.production_year,<,2020#16
movie_companies mc,title t,movie_info_idx mi_idx#t.id=mc.movie_id,t.id=mi_idx.movie_id#mi_idx.info_type_id,=,113,mc.company_type_id,=,2,t.production_year,>,2002,t.production_year,<,2021#16
movie_companies mc,title t,movie_info_idx mi_idx#t.id=mc.movie_id,t.id=mi_idx.movie_id#mi_idx.info_type_id,=,113,mc.company_type_id,=,2,t.production_year,>,2003,t.production_year,<,2005#3
movie_companies mc,title t,movie_info_idx mi_idx#t.id=mc.movie_id,t.id=mi_idx.movie_id#mi_idx.info_type_id,=,113,mc.company_type_id,=,2,t.production_year,>,2003,t.production_year,<,2006#3
movie_companies mc,title t,movie_info_idx mi_idx#t.id=mc.movie_id,t.id=mi_idx.movie_id#mi_idx.info_type_id,=,113,mc.company_type_id,=,2,t.production_year,>,2003,t.production_year,<,2007#5
movie_companies mc,title t,movie_info_idx mi_idx#t.id=mc.movie_id,t.id=mi_idx.movie_id#mi_idx.info_type_id,=,113,mc.company_type_id,=,2,t.production_year,>,2003,t.production_year,<,2008#5
movie_companies mc,title t,movie_info_idx mi_idx#t.id=mc.movie_id,t.id=mi_idx.movie_id#mi_idx.info_type_id,=,113,mc.company_type_id,=,2,t.production_year,>,2003,t.production_year,<,2009#12
movie_companies mc,title t,movie_info_idx mi_idx#t.id=mc.movie_id,t.id=mi_idx.movie_id#mi_idx.info_type_id,=,113,mc.company_type_id,=,2,t.production_year,>,2003,t.production_year,<,2010#12
movie_companies mc,title t,movie_info_idx mi_idx#t.id=mc.movie_id,t.id=mi_idx.movie_id#mi_idx.info_type_id,=,113,mc.company_type_id,=,2,t.production_year,>,2003,t.production_year,<,2011#13
movie_companies mc,title t,movie_info_idx mi_idx#t.id=mc.movie_id,t.id=mi_idx.movie_id#mi_idx.info_type_id,=,113,mc.company_type_id,=,2,t.production_year,>,2003,t.production_year,<,2012#13
movie_companies mc,title t,movie_info_idx mi_idx#t.id=mc.movie_id,t.id=mi_idx.movie_id#mi_idx.info_type_id,=,113,mc.company_type_id,=,2,t.production_year,>,2003,t.production_year,<,2013#13
movie_companies mc,title t,movie_info_idx mi_idx#t.id=mc.movie_id,t.id=mi_idx.movie_id#mi_idx.info_type_id,=,113,mc.company_type_id,=,2,t.production_year,>,2003,t.production_year,<,2014#13
movie_companies mc,title t,movie_info_idx mi_idx#t.id=mc.movie_id,t.id=mi_idx.movie_id#mi_idx.info_type_id,=,113,mc.company_type_id,=,2,t.production_year,>,2003,t.production_year,<,2015#13
movie_companies mc,title t,movie_info_idx mi_idx#t.id=mc.movie_id,t.id=mi_idx.movie_id#mi_idx.info_type_id,=,113,mc.company_type_id,=,2,t.production_year,>,2003,t.production_year,<,2016#13
movie_companies mc,title t,movie_info_idx mi_idx#t.id=mc.movie_id,t.id=mi_idx.movie_id#mi_idx.info_type_id,=,113,mc.company_type_id,=,2,t.production_year,>,2003,t.production_year,<,2017#13
movie_companies mc,title t,movie_info_idx mi_idx#t.id=mc.movie_id,t.id=mi_idx.movie_id#mi_idx.info_type_id,=,113,mc.company_type_id,=,2,t.production_year,>,2003,t.production_year,<,2018#13
movie_companies mc,title t,movie_info_idx mi_idx#t.id=mc.movie_id,t.id=mi_idx.movie_id#mi_idx.info_type_id,=,113,mc.company_type_id,=,2,t.production_year,>,2003,t.production_year,<,2019#13
movie_companies mc,title t,movie_info_idx mi_idx#t.id=mc.movie_id,t.id=mi_idx.movie_id#mi_idx.info_type_id,=,113,mc.company_type_id,=,2,t.production_year,>,2003,t.production_year,<,2020#13
movie_companies mc,title t,movie_info_idx mi_idx#t.id=mc.movie_id,t.id=mi_idx.movie_id#mi_idx.info_type_id,=,113,mc.company_type_id,=,2,t.production_year,>,2003,t.production_year,<,2021#13
movie_companies mc,title t,movie_info_idx mi_idx#t.id=mc.movie_id,t.id=mi_idx.movie_id#mi_idx.info_type_id,=,113,mc.company_type_id,=,2,t.production_year,>,2004,t.production_year,<,2007#2
movie_companies mc,title t,movie_info_idx mi_idx#t.id=mc.movie_id,t.id=mi_idx.movie_id#mi_idx.info_type_id,=,113,mc.company_type_id,=,2,t.production_year,>,2004,t.production_year,<,2008#2
movie_companies mc,title t,movie_info_idx mi_idx#t.id=mc.movie_id,t.id=mi_idx.movie_id#mi_idx.info_type_id,=,113,mc.company_type_id,=,2,t.production_year,>,2004,t.production_year,<,2009#9
movie_companies mc,title t,movie_info_idx mi_idx#t.id=mc.movie_id,t.id=mi_idx.movie_id#mi_idx.info_type_id,=,113,mc.company_type_id,=,2,t.production_year,>,2004,t.production_year,<,2010#9
movie_companies mc,title t,movie_info_idx mi_idx#t.id=mc.movie_id,t.id=mi_idx.movie_id#mi_idx.info_type_id,=,113,mc.company_type_id,=,2,t.production_year,>,2004,t.production_year,<,2011#10
movie_companies mc,title t,movie_info_idx mi_idx#t.id=mc.movie_id,t.id=mi_idx.movie_id#mi_idx.info_type_id,=,113,mc.company_type_id,=,2,t.production_year,>,2004,t.production_year,<,2012#10
movie_companies mc,title t,movie_info_idx mi_idx#t.id=mc.movie_id,t.id=mi_idx.movie_id#mi_idx.info_type_id,=,113,mc.company_type_id,=,2,t.production_year,>,2004,t.production_year,<,2013#10
movie_companies mc,title t,movie_info_idx mi_idx#t.id=mc.movie_id,t.id=mi_idx.movie_id#mi_idx.info_type_id,=,113,mc.company_type_id,=,2,t.production_year,>,2004,t.production_year,<,2014#10
movie_companies mc,title t,movie_info_idx mi_idx#t.id=mc.movie_id,t.id=mi_idx.movie_id#mi_idx.info_type_id,=,113,mc.company_type_id,=,2,t.production_year,>,2004,t.production_year,<,2015#10
movie_companies mc,title t,movie_info_idx mi_idx#t.id=mc.movie_id,t.id=mi_idx.movie_id#mi_idx.info_type_id,=,113,mc.company_type_id,=,2,t.production_year,>,2004,t.production_year,<,2016#10
